cancer_group,alteration_group,confounder,ras,nonras,cancer,number_ras,number_nonras,Parameter,mean,se_mean,sd,2.5%,5%,25%,50%,75%,95%,97.5%,n_eff,Rhat,variable,z,p,00,10,01,11,n,chisq_stat,chisq_p,chisq_padj,is_driver,cutoff_nmodel,cutoff_ntest
single,Cosmic Driver Signature (gene_pathways),Mutation signature,KRAS_12C,Cell_Cycle,non-small cell lung cancer,7,14,"beta[1,4]",-1.4,0.03,1.179,-4.189,-3.538,-2.04,-1.28,-0.626,0.35,0.615,1510.97,0.999,Signature.1A,-1.188,0.63,241,7,14,0,262,0,0,0,TRUE,2.7,2.7
single,Cosmic Driver Signature (gene_pathways),Mutation signature,KRAS_12C,Cell_Cycle,non-small cell lung cancer,48,13,"beta[2,4]",-1.173,0.023,0.89,-3.229,-2.759,-1.68,-1.085,-0.557,0.149,0.328,1520.007,0.999,Signature.2,-1.317,0.73,262,47,12,1,322,0.121,0.14,0.01,TRUE,2.7,2.7
single,Cosmic Driver Signature (gene_pathways),Mutation signature,KRAS_12C,Cell_Cycle,non-small cell lung cancer,100,31,"beta[3,4]",-1.181,0.018,0.725,-2.785,-2.437,-1.625,-1.12,-0.679,-0.11,0.04,1560.902,0.998,Signature.4,-1.629,0.99,573,98,29,2,702,1.014,0.5,0.14,TRUE,2.7,2.7
single,Cosmic Driver Signature (gene_pathways),Mutation signature,KRAS_12C,Cell_Cycle,non-small cell lung cancer,155,58,mu_beta[3],-1.219,0.023,0.907,-3.089,-2.752,-1.746,-1.193,-0.636,0.163,0.436,1492.975,1,overall,-1.344,0.75,1076,152,55,3,1286,2.075,0.82,0.3,TRUE,2.7,2.7
single,Cosmic Driver Signature (gene_pathways),Mutation signature,KRAS_12C,wnt,non-small cell lung cancer,7,11,"beta[1,4]",-1.447,0.031,1.23,-4.065,-3.547,-2.243,-1.342,-0.578,0.311,0.66,1568.24,1.001,Signature.1A,-1.176,0.62,244,7,11,0,262,0,0,0,TRUE,2.7,2.7
single,Cosmic Driver Signature (gene_pathways),Mutation signature,KRAS_12C,wnt,non-small cell lung cancer,48,13,"beta[2,4]",-1.259,0.025,0.96,-3.327,-2.926,-1.856,-1.18,-0.595,0.171,0.384,1521.946,1.001,Signature.2,-1.312,0.72,262,47,12,1,322,0.121,0.14,0.01,TRUE,2.7,2.7
single,Cosmic Driver Signature (gene_pathways),Mutation signature,KRAS_12C,wnt,non-small cell lung cancer,11,14,"beta[3,4]",-0.925,0.027,1.083,-3.184,-2.838,-1.605,-0.87,-0.198,0.775,1.043,1550.333,1.001,Signature.3,-0.854,0.41,218,10,13,1,242,0,0,0,TRUE,2.7,2.7
single,Cosmic Driver Signature (gene_pathways),Mutation signature,KRAS_12C,wnt,non-small cell lung cancer,100,14,"beta[4,4]",-1.804,0.027,1.083,-4.277,-3.725,-2.438,-1.662,-1.071,-0.222,-0.001,1569.486,1,Signature.4,-1.667,1.02,588,100,14,0,702,1.332,0.6,0.21,TRUE,2.7,2.7
single,Cosmic Driver Signature (gene_pathways),Mutation signature,KRAS_12C,wnt,non-small cell lung cancer,166,52,mu_beta[3],-1.357,0.024,0.947,-3.49,-3.051,-1.967,-1.281,-0.683,0.042,0.385,1549.565,1.001,overall,-1.434,0.82,1312,164,50,2,1528,2.039,0.81,0.3,TRUE,2.7,2.7
single,Cosmic Driver Signature (gene_pathways),Mutation signature,KRAS_12C,RAS_RAF_MAPK_extended,non-small cell lung cancer,6,19,"beta[1,4]",-2.193,0.016,0.594,-3.415,-3.195,-2.575,-2.19,-1.794,-1.257,-1.059,1447.604,1,Signature.13,-3.692,3.65,71,6,19,0,96,0.529,0.33,0.08,TRUE,2.7,2.7
single,Cosmic Driver Signature (gene_pathways),Mutation signature,KRAS_12C,RAS_RAF_MAPK_extended,non-small cell lung cancer,7,42,"beta[2,4]",-2.238,0.015,0.576,-3.436,-3.231,-2.602,-2.22,-1.841,-1.32,-1.126,1484.159,1.001,Signature.15,-3.887,3.99,85,7,42,0,134,2.01,0.81,0.3,TRUE,2.7,2.7
single,Cosmic Driver Signature (gene_pathways),Mutation signature,KRAS_12C,RAS_RAF_MAPK_extended,non-small cell lung cancer,38,26,"beta[5,4]",-2.167,0.014,0.526,-3.242,-3.032,-2.523,-2.141,-1.817,-1.32,-1.17,1417.257,1,Signature.18,-4.116,4.41,86,37,25,1,149,6.456,1.96,0.93,TRUE,2.7,2.7
single,Cosmic Driver Signature (gene_pathways),Mutation signature,KRAS_12C,RAS_RAF_MAPK_extended,non-small cell lung cancer,8,14,"beta[6,4]",-2.195,0.015,0.586,-3.392,-3.21,-2.573,-2.166,-1.805,-1.282,-1.091,1431.284,1,Signature.19,-3.743,3.74,40,8,14,0,62,1.401,0.63,0.21,TRUE,2.7,2.7
single,Cosmic Driver Signature (gene_pathways),Mutation signature,KRAS_12C,RAS_RAF_MAPK_extended,non-small cell lung cancer,7,117,"beta[7,4]",-2.119,0.014,0.54,-3.238,-3.042,-2.474,-2.112,-1.742,-1.258,-1.054,1447.147,1,Signature.1A,-3.923,4.06,139,6,116,1,262,1.57,0.68,0.21,TRUE,2.7,2.7
single,Cosmic Driver Signature (gene_pathways),Mutation signature,KRAS_12C,RAS_RAF_MAPK_extended,non-small cell lung cancer,48,85,"beta[8,4]",-1.582,0.011,0.416,-2.428,-2.262,-1.852,-1.585,-1.296,-0.911,-0.803,1497.527,1,Signature.2,-3.801,3.84,195,42,79,6,322,4.798,1.55,0.64,TRUE,2.7,2.7
single,Cosmic Driver Signature (gene_pathways),Mutation signature,KRAS_12C,RAS_RAF_MAPK_extended,non-small cell lung cancer,6,27,"beta[9,4]",-2.005,0.015,0.578,-3.173,-2.942,-2.381,-1.999,-1.623,-1.044,-0.901,1410.682,0.999,Signature.20,-3.467,3.28,44,5,26,1,76,0.315,0.24,0.06,TRUE,2.7,2.7
single,Cosmic Driver Signature (gene_pathways),Mutation signature,KRAS_12C,RAS_RAF_MAPK_extended,non-small cell lung cancer,11,69,"beta[11,4]",-2.297,0.015,0.564,-3.483,-3.252,-2.663,-2.279,-1.899,-1.442,-1.276,1430.264,1.001,Signature.3,-4.076,4.34,162,11,69,0,242,3.248,1.15,0.34,TRUE,2.7,2.7
single,Cosmic Driver Signature (gene_pathways),Mutation signature,KRAS_12C,RAS_RAF_MAPK_extended,non-small cell lung cancer,100,88,"beta[12,4]",-1.83,0.011,0.445,-2.731,-2.602,-2.116,-1.809,-1.524,-1.133,-1.001,1527.109,0.999,Signature.4,-4.116,4.41,518,96,84,4,702,6.868,2.06,0.93,TRUE,2.7,2.7
single,Cosmic Driver Signature (gene_pathways),Mutation signature,KRAS_12C,RAS_RAF_MAPK_extended,non-small cell lung cancer,6,12,"beta[13,4]",-2.178,0.018,0.621,-3.506,-3.255,-2.553,-2.158,-1.765,-1.224,-1.074,1158.375,0.999,Signature.6,-3.507,3.34,35,6,12,0,53,0.791,0.43,0.1,TRUE,2.7,2.7
single,Cosmic Driver Signature (gene_pathways),Mutation signature,KRAS_12C,RAS_RAF_MAPK_extended,non-small cell lung cancer,9,31,"beta[14,4]",-2.21,0.015,0.586,-3.401,-3.177,-2.601,-2.193,-1.802,-1.329,-1.139,1492.415,0.999,Signature.7,-3.769,3.78,67,9,31,0,107,2.618,0.98,0.32,TRUE,2.7,2.7
single,Cosmic Driver Signature (gene_pathways),Mutation signature,KRAS_12C,RAS_RAF_MAPK_extended,non-small cell lung cancer,7,11,"beta[15,4]",-2.179,0.016,0.599,-3.33,-3.17,-2.565,-2.168,-1.773,-1.219,-1.008,1376.879,1,Signature.8,-3.638,3.56,44,7,11,0,62,0.607,0.36,0.08,TRUE,2.7,2.7
single,Cosmic Driver Signature (gene_pathways),Mutation signature,KRAS_12C,RAS_RAF_MAPK_extended,non-small cell lung cancer,7,39,"beta[16,4]",-2.245,0.015,0.574,-3.459,-3.239,-2.613,-2.23,-1.838,-1.37,-1.131,1535.978,0.999,Signature.U1,-3.909,4.03,64,7,39,0,110,2.618,0.98,0.32,TRUE,2.7,2.7
single,Cosmic Driver Signature (gene_pathways),Mutation signature,KRAS_12C,RAS_RAF_MAPK_extended,non-small cell lung cancer,268,631,mu_beta[3],-2.117,0.009,0.347,-2.825,-2.724,-2.345,-2.109,-1.883,-1.551,-1.454,1431.701,0.999,overall,-6.102,8.98,1663,255,618,13,2549,62.509,14.58,13.07,TRUE,2.7,2.7
single,Cosmic Driver Signature (gene_pathways),Mutation signature,KRAS_12C,RAS_RAF_MAPK_brief,non-small cell lung cancer,7,11,"beta[1,4]",-0.878,0.026,1.024,-3.111,-2.585,-1.48,-0.782,-0.201,0.635,0.94,1546.449,0.998,Signature.1A,-0.858,0.41,244,7,11,0,262,0,0,0,TRUE,2.7,2.7
single,Cosmic Driver Signature (gene_pathways),Mutation signature,KRAS_12C,RAS_RAF_MAPK_brief,non-small cell lung cancer,48,43,"beta[2,4]",-0.235,0.013,0.463,-1.177,-1.029,-0.544,-0.219,0.112,0.489,0.607,1336.555,0.999,Signature.2,-0.507,0.21,237,42,37,6,322,0,0,0,TRUE,2.7,2.7
single,Cosmic Driver Signature (gene_pathways),Mutation signature,KRAS_12C,RAS_RAF_MAPK_brief,non-small cell lung cancer,11,15,"beta[3,4]",-0.937,0.027,0.955,-3.037,-2.606,-1.5,-0.85,-0.287,0.522,0.705,1236.899,0.998,Signature.3,-0.981,0.49,216,11,15,0,242,0.054,0.09,0,TRUE,2.7,2.7
single,Cosmic Driver Signature (gene_pathways),Mutation signature,KRAS_12C,RAS_RAF_MAPK_brief,non-small cell lung cancer,100,35,"beta[4,4]",-0.674,0.014,0.556,-1.853,-1.651,-1.028,-0.632,-0.295,0.187,0.3,1549.942,0.999,Signature.4,-1.212,0.65,570,97,32,3,702,0.543,0.34,0.08,TRUE,2.7,2.7
single,Cosmic Driver Signature (gene_pathways),Mutation signature,KRAS_12C,RAS_RAF_MAPK_brief,non-small cell lung cancer,166,104,mu_beta[3],-0.675,0.017,0.69,-2.087,-1.854,-1.103,-0.634,-0.213,0.383,0.595,1650.609,1,overall,-0.978,0.48,1267,157,95,9,1528,0.345,0.25,0.06,TRUE,2.7,2.7
single,Cosmic Driver Signature (gene_pathways),Mutation signature,KRAS_12C,PI3K_AKT,non-small cell lung cancer,7,11,"beta[1,4]",-0.52,0.036,1.308,-3.588,-2.796,-1.169,-0.353,0.337,1.215,1.57,1299.998,1.002,Signature.1A,-0.398,0.16,244,7,11,0,262,0,0,0,TRUE,2.7,2.7
single,Cosmic Driver Signature (gene_pathways),Mutation signature,KRAS_12C,PI3K_AKT,non-small cell lung cancer,48,41,"beta[2,4]",-0.038,0.011,0.444,-0.908,-0.788,-0.332,-0.032,0.279,0.675,0.816,1653.682,0.999,Signature.2,-0.085,0.03,239,42,35,6,322,0,0,0,TRUE,2.7,2.7
single,Cosmic Driver Signature (gene_pathways),Mutation signature,KRAS_12C,PI3K_AKT,non-small cell lung cancer,100,18,"beta[3,4]",0.279,0.015,0.554,-0.791,-0.657,-0.091,0.305,0.656,1.177,1.356,1397.23,0.999,Signature.4,0.503,0.21,588,96,14,4,702,0.409,0.28,0.06,TRUE,2.7,2.7
single,Cosmic Driver Signature (gene_pathways),Mutation signature,KRAS_12C,PI3K_AKT,non-small cell lung cancer,155,70,mu_beta[3],-0.096,0.024,0.86,-1.935,-1.581,-0.6,-0.093,0.484,1.249,1.528,1295.124,1,overall,-0.111,0.04,1071,145,60,10,1286,0.161,0.16,0.01,TRUE,2.7,2.7
single,Cosmic Driver Signature (gene_pathways),Mutation signature,KRAS_12D,Cell_Cycle,non-small cell lung cancer,21,14,"beta[1,4]",0.713,0.017,0.619,-0.549,-0.337,0.313,0.736,1.101,1.688,1.905,1325.674,1.001,Signature.1A,1.152,0.6,230,18,11,3,262,1.943,0.79,0.08,TRUE,2.99,3.46
single,Cosmic Driver Signature (gene_pathways),Mutation signature,KRAS_12D,Cell_Cycle,non-small cell lung cancer,8,13,"beta[2,4]",0.322,0.022,0.753,-1.393,-1.071,-0.124,0.392,0.83,1.409,1.571,1134.888,1.001,Signature.2,0.428,0.17,301,8,13,0,322,0,0,-0,TRUE,2.99,3.46
single,Cosmic Driver Signature (gene_pathways),Mutation signature,KRAS_12D,Cell_Cycle,non-small cell lung cancer,32,31,"beta[3,4]",0.448,0.017,0.594,-0.852,-0.6,0.059,0.5,0.858,1.352,1.545,1174.754,1,Signature.4,0.754,0.35,641,30,29,2,702,0.006,0.03,-0,TRUE,2.99,3.46
single,Cosmic Driver Signature (gene_pathways),Mutation signature,KRAS_12D,Cell_Cycle,pancreatic cancer,80,28,"beta[1,4]",0.863,0.009,0.355,0.166,0.29,0.639,0.859,1.088,1.457,1.577,1398.798,1.001,Signature.1A,2.429,1.82,147,65,13,15,240,4.857,1.56,0.41,TRUE,2.99,3.46
single,Cosmic Driver Signature (gene_pathways),Mutation signature,KRAS_12D,Cell_Cycle,pancreatic cancer,28,17,"beta[2,4]",0.873,0.012,0.461,-0.167,0.089,0.601,0.891,1.175,1.602,1.74,1495.446,1,Signature.6,1.896,1.24,33,19,8,9,69,0.83,0.44,-0,TRUE,2.99,3.46
single,Cosmic Driver Signature (gene_pathways),Mutation signature,KRAS_12D,Cell_Cycle,non-small cell lung cancer,61,58,mu_beta[3],0.488,0.02,0.631,-0.831,-0.586,0.095,0.528,0.915,1.509,1.633,1046.556,1.002,overall,0.772,0.36,1172,56,53,5,1286,1.222,0.57,-0,TRUE,2.99,3.46
single,Cosmic Driver Signature (gene_pathways),Mutation signature,KRAS_12D,Cell_Cycle,pancreatic cancer,108,45,mu_beta[3],0.862,0.017,0.619,-0.397,-0.136,0.529,0.866,1.205,1.797,2.077,1392.757,1.001,overall,1.392,0.79,180,84,21,24,309,6.91,2.07,0.8,TRUE,2.99,3.46
single,Cosmic Driver Signature (gene_pathways),Mutation signature,KRAS_12D,Chromatin_Regulation,colorectal cancer,54,17,"beta[1,4]",-0.449,0.016,0.607,-1.694,-1.437,-0.838,-0.422,-0.054,0.496,0.678,1381.582,1.003,Signature.15,-0.741,0.34,308,52,15,2,377,0,0,-0,TRUE,2.99,3.46
single,Cosmic Driver Signature (gene_pathways),Mutation signature,KRAS_12D,Chromatin_Regulation,colorectal cancer,114,70,"beta[2,4]",-0.004,0.009,0.343,-0.722,-0.564,-0.222,0.01,0.218,0.555,0.646,1550.134,1,Signature.1A,-0.012,0,649,103,59,11,822,0.082,0.11,-0,TRUE,2.99,3.46
single,Cosmic Driver Signature (gene_pathways),Mutation signature,KRAS_12D,Chromatin_Regulation,colorectal cancer,37,62,"beta[3,4]",-0.88,0.013,0.511,-1.921,-1.757,-1.196,-0.849,-0.528,-0.101,0.024,1503.466,0.999,Signature.6,-1.721,1.07,206,34,59,3,302,3.167,1.12,0.22,TRUE,2.99,3.46
single,Cosmic Driver Signature (gene_pathways),Mutation signature,KRAS_12D,Chromatin_Regulation,colorectal cancer,205,149,mu_beta[3],-0.452,0.017,0.562,-1.643,-1.369,-0.789,-0.455,-0.084,0.442,0.632,1141.078,1.002,overall,-0.805,0.38,1163,189,133,16,1501,0.936,0.48,-0,TRUE,2.99,3.46
single,Cosmic Driver Signature (gene_pathways),Mutation signature,KRAS_12D,wnt,colorectal cancer,54,241,"beta[2,4]",0.432,0.006,0.228,0.009,0.071,0.279,0.425,0.583,0.808,0.862,1412.705,0.999,Signature.15,1.896,1.24,122,14,201,40,377,2.325,0.9,0.11,TRUE,2.99,3.46
single,Cosmic Driver Signature (gene_pathways),Mutation signature,KRAS_12D,wnt,colorectal cancer,7,27,"beta[4,4]",0.208,0.009,0.326,-0.42,-0.327,-0.005,0.214,0.421,0.727,0.837,1432.604,1,Signature.18,0.638,0.28,14,4,24,3,45,0.345,0.25,-0,TRUE,2.99,3.46
single,Cosmic Driver Signature (gene_pathways),Mutation signature,KRAS_12D,wnt,colorectal cancer,114,480,"beta[6,4]",0.182,0.004,0.175,-0.156,-0.103,0.071,0.183,0.297,0.472,0.535,1543.228,1.002,Signature.1A,1.041,0.53,296,46,412,68,822,0.036,0.07,-0,TRUE,2.99,3.46
single,Cosmic Driver Signature (gene_pathways),Mutation signature,KRAS_12D,wnt,colorectal cancer,14,42,"beta[7,4]",0.516,0.009,0.303,-0.041,0.045,0.311,0.505,0.706,1.043,1.145,1268.997,0.999,Signature.2,1.701,1.05,35,3,31,11,80,3.445,1.2,0.23,TRUE,2.99,3.46
single,Cosmic Driver Signature (gene_pathways),Mutation signature,KRAS_12D,wnt,colorectal cancer,7,16,"beta[8,4]",0.36,0.009,0.326,-0.234,-0.149,0.151,0.351,0.561,0.894,1.01,1396.136,1.001,Signature.20,1.104,0.57,13,3,12,4,32,0,-0,-0,TRUE,2.99,3.46
single,Cosmic Driver Signature (gene_pathways),Mutation signature,KRAS_12D,wnt,colorectal cancer,7,24,"beta[10,4]",0.232,0.009,0.321,-0.42,-0.316,0.034,0.238,0.432,0.749,0.847,1416.705,1.002,Signature.4,0.724,0.33,18,4,21,3,46,0.016,0.05,-0,TRUE,2.99,3.46
single,Cosmic Driver Signature (gene_pathways),Mutation signature,KRAS_12D,wnt,colorectal cancer,37,188,"beta[11,4]",0.247,0.006,0.242,-0.24,-0.16,0.084,0.253,0.408,0.625,0.711,1487.774,0.998,Signature.6,1.021,0.51,101,13,164,24,302,0.029,0.06,-0,TRUE,2.99,3.46
single,Cosmic Driver Signature (gene_pathways),Mutation signature,KRAS_12D,wnt,non-small cell lung cancer,21,11,"beta[1,4]",-4.831,0.082,2.819,-11.318,-10.065,-6.531,-4.376,-2.805,-0.97,-0.42,1194.777,1.001,Signature.1A,-1.714,1.06,230,21,11,0,262,0.187,0.18,-0,TRUE,2.99,3.46
single,Cosmic Driver Signature (gene_pathways),Mutation signature,KRAS_12D,wnt,non-small cell lung cancer,8,13,"beta[2,4]",-4.818,0.082,2.831,-11.282,-10.097,-6.453,-4.351,-2.752,-0.943,-0.604,1187.847,1.001,Signature.2,-1.702,1.05,301,8,13,0,322,0,0,-0,TRUE,2.99,3.46
single,Cosmic Driver Signature (gene_pathways),Mutation signature,KRAS_12D,wnt,non-small cell lung cancer,8,14,"beta[3,4]",-4.843,0.082,2.808,-11.308,-10.181,-6.456,-4.385,-2.807,-1.065,-0.639,1168.895,1.001,Signature.3,-1.724,1.07,220,8,14,0,242,0,0,-0,TRUE,2.99,3.46
single,Cosmic Driver Signature (gene_pathways),Mutation signature,KRAS_12D,wnt,non-small cell lung cancer,32,14,"beta[4,4]",-4.809,0.082,2.823,-11.188,-10.133,-6.527,-4.279,-2.736,-0.913,-0.634,1194.902,1.001,Signature.4,-1.704,1.05,656,32,14,0,702,0.032,0.07,-0,TRUE,2.99,3.46
single,Cosmic Driver Signature (gene_pathways),Mutation signature,KRAS_12D,wnt,colorectal cancer,257,1120,mu_beta[3],0.281,0.005,0.193,-0.094,-0.027,0.15,0.28,0.417,0.595,0.657,1348.757,1,overall,1.458,0.84,713,93,956,164,1926,3.643,1.25,0.23,TRUE,2.99,3.46
single,Cosmic Driver Signature (gene_pathways),Mutation signature,KRAS_12D,wnt,non-small cell lung cancer,69,52,mu_beta[3],-4.798,0.081,2.771,-11.294,-10.07,-6.438,-4.33,-2.768,-1.054,-0.708,1170.156,1.001,overall,-1.732,1.08,1407,69,52,0,1528,1.577,0.68,0.01,TRUE,2.99,3.46
single,Cosmic Driver Signature (gene_pathways),Mutation signature,KRAS_12D,DDR,colorectal cancer,114,41,"beta[2,4]",-0.14,0.012,0.464,-1.087,-0.932,-0.44,-0.12,0.172,0.599,0.747,1529.403,1.001,Signature.1A,-0.301,0.12,673,108,35,6,822,0,0,-0,TRUE,2.99,3.46
single,Cosmic Driver Signature (gene_pathways),Mutation signature,KRAS_12D,DDR,colorectal cancer,37,34,"beta[3,4]",-1.221,0.02,0.77,-3.02,-2.62,-1.69,-1.141,-0.69,-0.117,0.035,1463.389,1.001,Signature.6,-1.585,0.95,232,36,33,1,302,2.19,0.86,0.11,TRUE,2.99,3.46
single,Cosmic Driver Signature (gene_pathways),Mutation signature,KRAS_12D,DDR,colorectal cancer,153,86,mu_beta[3],-0.547,0.02,0.784,-2.151,-1.896,-1.035,-0.523,-0.07,0.767,0.992,1592.793,1.001,overall,-0.698,0.31,926,145,78,8,1157,0.903,0.47,-0,TRUE,2.99,3.46
single,Cosmic Driver Signature (gene_pathways),Mutation signature,KRAS_12D,RAS_RAF_MAPK_extended,colorectal cancer,54,36,"beta[2,4]",0.326,0.009,0.33,-0.321,-0.214,0.099,0.322,0.552,0.876,0.986,1397.465,0.999,Signature.15,0.985,0.49,295,46,28,8,377,1.374,0.62,-0,TRUE,2.99,3.46
single,Cosmic Driver Signature (gene_pathways),Mutation signature,KRAS_12D,RAS_RAF_MAPK_extended,colorectal cancer,114,109,"beta[3,4]",0.259,0.006,0.246,-0.221,-0.155,0.092,0.262,0.42,0.662,0.745,1646.114,1,Signature.1A,1.053,0.53,618,95,90,19,822,1.013,0.5,-0,TRUE,2.99,3.46
single,Cosmic Driver Signature (gene_pathways),Mutation signature,KRAS_12D,RAS_RAF_MAPK_extended,colorectal cancer,14,12,"beta[4,4]",0.152,0.012,0.451,-0.85,-0.621,-0.122,0.165,0.445,0.833,1,1454.874,1,Signature.2,0.338,0.13,56,12,10,2,80,0,0,-0,TRUE,2.99,3.46
single,Cosmic Driver Signature (gene_pathways),Mutation signature,KRAS_12D,RAS_RAF_MAPK_extended,colorectal cancer,37,60,"beta[5,4]",-0.006,0.009,0.338,-0.785,-0.611,-0.214,0.026,0.226,0.504,0.582,1443.861,1,Signature.6,-0.017,0.01,211,31,54,6,302,0.14,0.15,-0,TRUE,2.99,3.46
single,Cosmic Driver Signature (gene_pathways),Mutation signature,KRAS_12D,RAS_RAF_MAPK_extended,non-small cell lung cancer,6,26,"beta[5,4]",-2.155,0.017,0.659,-3.452,-3.243,-2.596,-2.117,-1.706,-1.103,-0.874,1418.902,1,Signature.18,-3.271,2.97,117,6,26,0,149,0.361,0.26,-0,TRUE,2.99,3.46
single,Cosmic Driver Signature (gene_pathways),Mutation signature,KRAS_12D,RAS_RAF_MAPK_extended,non-small cell lung cancer,21,117,"beta[7,4]",-2.224,0.016,0.583,-3.414,-3.21,-2.614,-2.209,-1.797,-1.291,-1.16,1318.212,0.999,Signature.1A,-3.815,3.87,125,20,116,1,262,13,3.51,2.06,TRUE,2.99,3.46
single,Cosmic Driver Signature (gene_pathways),Mutation signature,KRAS_12D,RAS_RAF_MAPK_extended,non-small cell lung cancer,8,85,"beta[8,4]",-2.004,0.017,0.629,-3.328,-3.072,-2.421,-2.003,-1.561,-1.007,-0.824,1390.315,1,Signature.2,-3.185,2.84,230,7,84,1,322,0.247,0.21,-0,TRUE,2.99,3.46
single,Cosmic Driver Signature (gene_pathways),Mutation signature,KRAS_12D,RAS_RAF_MAPK_extended,non-small cell lung cancer,8,69,"beta[11,4]",-2.005,0.018,0.638,-3.319,-3.071,-2.409,-1.975,-1.565,-1.029,-0.826,1279.311,1,Signature.3,-3.142,2.78,166,7,68,1,242,0.387,0.27,-0,TRUE,2.99,3.46
single,Cosmic Driver Signature (gene_pathways),Mutation signature,KRAS_12D,RAS_RAF_MAPK_extended,non-small cell lung cancer,32,88,"beta[12,4]",-1.864,0.016,0.595,-3.142,-2.898,-2.232,-1.846,-1.459,-0.91,-0.739,1372.817,1,Signature.4,-3.135,2.76,584,30,86,2,702,0.682,0.39,-0,TRUE,2.99,3.46
single,Cosmic Driver Signature (gene_pathways),Mutation signature,KRAS_12D,RAS_RAF_MAPK_extended,colorectal cancer,221,230,mu_beta[3],0.214,0.008,0.303,-0.38,-0.277,0.015,0.214,0.406,0.7,0.823,1444.907,1.003,overall,0.706,0.32,1200,184,193,37,1614,1.076,0.52,-0,TRUE,2.99,3.46
single,Cosmic Driver Signature (gene_pathways),Mutation signature,KRAS_12D,RAS_RAF_MAPK_extended,non-small cell lung cancer,98,631,mu_beta[3],-2.107,0.014,0.503,-3.166,-2.972,-2.411,-2.091,-1.744,-1.328,-1.225,1231.443,1.001,overall,-4.187,4.55,1825,93,626,5,2549,20.05,5.12,3.37,TRUE,2.99,3.46
single,Cosmic Driver Signature (gene_pathways),Mutation signature,KRAS_12D,RAS_RAF_MAPK_brief,colorectal cancer,54,34,"beta[2,4]",0.144,0.009,0.337,-0.502,-0.414,-0.073,0.139,0.365,0.681,0.791,1478.032,0.998,Signature.15,0.429,0.18,296,47,27,7,377,0.7,0.39,-0,TRUE,2.99,3.46
single,Cosmic Driver Signature (gene_pathways),Mutation signature,KRAS_12D,RAS_RAF_MAPK_brief,colorectal cancer,114,105,"beta[3,4]",-0.04,0.008,0.262,-0.584,-0.471,-0.208,-0.042,0.139,0.383,0.455,1097.026,1.001,Signature.1A,-0.152,0.06,617,100,91,14,822,0,0.01,-0,TRUE,2.99,3.46
single,Cosmic Driver Signature (gene_pathways),Mutation signature,KRAS_12D,RAS_RAF_MAPK_brief,colorectal cancer,14,13,"beta[4,4]",-0.001,0.011,0.425,-0.862,-0.737,-0.253,0.01,0.28,0.672,0.822,1521.518,1.001,Signature.2,-0.003,0,55,12,11,2,80,0,0,-0,TRUE,2.99,3.46
single,Cosmic Driver Signature (gene_pathways),Mutation signature,KRAS_12D,RAS_RAF_MAPK_brief,colorectal cancer,37,46,"beta[5,4]",-0.145,0.009,0.358,-0.898,-0.76,-0.361,-0.129,0.09,0.406,0.509,1450.254,1,Signature.6,-0.405,0.16,223,33,42,4,302,0.308,0.24,-0,TRUE,2.99,3.46
single,Cosmic Driver Signature (gene_pathways),Mutation signature,KRAS_12D,RAS_RAF_MAPK_brief,non-small cell lung cancer,21,11,"beta[1,4]",0.207,0.018,0.684,-1.175,-0.93,-0.258,0.223,0.675,1.314,1.499,1440.737,1.001,Signature.1A,0.303,0.12,232,19,9,2,262,0.492,0.32,-0,TRUE,2.99,3.46
single,Cosmic Driver Signature (gene_pathways),Mutation signature,KRAS_12D,RAS_RAF_MAPK_brief,non-small cell lung cancer,8,43,"beta[2,4]",-0.497,0.021,0.808,-2.37,-1.931,-0.983,-0.407,0.055,0.662,0.862,1515.651,0.999,Signature.2,-0.615,0.27,271,8,43,0,322,0.358,0.26,-0,TRUE,2.99,3.46
single,Cosmic Driver Signature (gene_pathways),Mutation signature,KRAS_12D,RAS_RAF_MAPK_brief,non-small cell lung cancer,8,15,"beta[3,4]",-0.333,0.022,0.869,-2.268,-1.842,-0.822,-0.276,0.264,0.912,1.134,1538.698,1,Signature.3,-0.383,0.15,219,8,15,0,242,0,0,-0,TRUE,2.99,3.46
single,Cosmic Driver Signature (gene_pathways),Mutation signature,KRAS_12D,RAS_RAF_MAPK_brief,non-small cell lung cancer,32,35,"beta[4,4]",0.227,0.015,0.583,-0.974,-0.788,-0.135,0.244,0.622,1.151,1.27,1556.288,1.002,Signature.4,0.389,0.16,638,29,32,3,702,0.566,0.34,-0,TRUE,2.99,3.46
single,Cosmic Driver Signature (gene_pathways),Mutation signature,KRAS_12D,RAS_RAF_MAPK_brief,colorectal cancer,221,211,mu_beta[3],0.018,0.008,0.304,-0.579,-0.465,-0.186,0.023,0.218,0.493,0.61,1553.747,1,overall,0.06,0.02,1211,192,182,29,1614,0,-0,-0,TRUE,2.99,3.46
single,Cosmic Driver Signature (gene_pathways),Mutation signature,KRAS_12D,RAS_RAF_MAPK_brief,non-small cell lung cancer,69,104,mu_beta[3],-0.117,0.017,0.645,-1.459,-1.217,-0.508,-0.081,0.311,0.868,1.059,1405.373,0.999,overall,-0.182,0.07,1360,64,99,5,1528,0,0,-0,TRUE,2.99,3.46
single,Cosmic Driver Signature (gene_pathways),Mutation signature,KRAS_12D,PI3K_AKT,colorectal cancer,54,37,"beta[2,4]",0.499,0.009,0.372,-0.204,-0.108,0.249,0.488,0.739,1.136,1.243,1559.329,1.001,Signature.15,1.343,0.75,295,45,28,9,377,2.501,0.94,0.11,TRUE,2.99,3.46
single,Cosmic Driver Signature (gene_pathways),Mutation signature,KRAS_12D,PI3K_AKT,colorectal cancer,114,111,"beta[3,4]",0.148,0.007,0.257,-0.366,-0.272,-0.02,0.151,0.31,0.577,0.646,1336.154,1.002,Signature.1A,0.578,0.25,614,97,94,17,822,0.107,0.13,-0,TRUE,2.99,3.46
single,Cosmic Driver Signature (gene_pathways),Mutation signature,KRAS_12D,PI3K_AKT,colorectal cancer,37,66,"beta[4,4]",-0.034,0.011,0.381,-0.808,-0.682,-0.281,-0.028,0.219,0.583,0.68,1299.491,1.002,Signature.6,-0.089,0.03,206,30,59,7,302,0.062,0.1,-0,TRUE,2.99,3.46
single,Cosmic Driver Signature (gene_pathways),Mutation signature,KRAS_12D,PI3K_AKT,non-small cell lung cancer,21,11,"beta[1,4]",-0.197,0.023,0.916,-2.242,-1.789,-0.731,-0.122,0.444,1.167,1.379,1531.006,0.999,Signature.1A,-0.215,0.08,231,20,10,1,262,0,0,-0,TRUE,2.99,3.46
single,Cosmic Driver Signature (gene_pathways),Mutation signature,KRAS_12D,PI3K_AKT,non-small cell lung cancer,8,41,"beta[2,4]",-0.951,0.031,1.205,-3.766,-3.135,-1.553,-0.79,-0.119,0.639,0.815,1476.6,0.999,Signature.2,-0.789,0.37,273,8,41,0,322,0.31,0.24,-0,TRUE,2.99,3.46
single,Cosmic Driver Signature (gene_pathways),Mutation signature,KRAS_12D,PI3K_AKT,non-small cell lung cancer,32,18,"beta[3,4]",0.273,0.022,0.827,-1.453,-1.168,-0.23,0.313,0.844,1.52,1.754,1466.575,0.999,Signature.4,0.33,0.13,654,30,16,2,702,0.605,0.36,-0,TRUE,2.99,3.46
single,Cosmic Driver Signature (gene_pathways),Mutation signature,KRAS_12D,PI3K_AKT,colorectal cancer,207,228,mu_beta[3],0.27,0.011,0.413,-0.512,-0.397,0.01,0.26,0.507,0.973,1.16,1366.223,1.001,overall,0.653,0.29,1134,172,193,35,1534,0.615,0.36,-0,TRUE,2.99,3.46
single,Cosmic Driver Signature (gene_pathways),Mutation signature,KRAS_12D,PI3K_AKT,non-small cell lung cancer,61,70,mu_beta[3],-0.288,0.025,0.944,-2.407,-2.024,-0.862,-0.223,0.337,1.061,1.39,1423.005,1,overall,-0.305,0.12,1158,58,67,3,1286,0,0,-0,TRUE,2.99,3.46
single,Cosmic Driver Signature (gene_pathways),Mutation signature,KRAS_12R,Cell_Cycle,pancreatic cancer,26,28,"beta[1,4]",-0.484,0.019,0.694,-2.076,-1.674,-0.88,-0.425,-0.011,0.559,0.739,1330.344,0.999,Signature.1A,-0.697,0.31,188,24,26,2,240,0.119,0.14,0.01,TRUE,1.3,1.3
single,Cosmic Driver Signature (gene_pathways),Mutation signature,KRAS_12R,Cell_Cycle,pancreatic cancer,6,17,"beta[2,4]",-0.065,0.022,0.798,-1.629,-1.351,-0.587,-0.062,0.482,1.157,1.405,1346.652,1,Signature.6,-0.081,0.03,48,4,15,2,69,0,0.01,0.01,TRUE,1.3,1.3
single,Cosmic Driver Signature (gene_pathways),Mutation signature,KRAS_12R,Cell_Cycle,pancreatic cancer,32,45,mu_beta[3],-0.268,0.025,0.89,-2.013,-1.661,-0.78,-0.278,0.269,1.104,1.403,1234.349,0.999,overall,-0.301,0.12,236,28,41,4,309,0.007,0.03,0.01,TRUE,1.3,1.3
single,Cosmic Driver Signature (gene_pathways),Mutation signature,KRAS_12V,Cell_Cycle,non-small cell lung cancer,8,14,"beta[1,4]",-1.981,0.04,1.368,-5.295,-4.515,-2.717,-1.812,-1.062,-0.032,0.169,1142.665,1.004,Signature.1A,-1.448,0.83,240,8,14,0,262,0,0,0,TRUE,2.99,3.46
single,Cosmic Driver Signature (gene_pathways),Mutation signature,KRAS_12V,Cell_Cycle,non-small cell lung cancer,14,13,"beta[2,4]",-1.968,0.041,1.356,-5.054,-4.373,-2.71,-1.79,-1.041,-0.074,0.172,1103.745,1.001,Signature.2,-1.451,0.83,295,14,13,0,322,0.008,0.03,0,TRUE,2.99,3.46
single,Cosmic Driver Signature (gene_pathways),Mutation signature,KRAS_12V,Cell_Cycle,non-small cell lung cancer,64,31,"beta[3,4]",-1.816,0.031,1.157,-4.536,-3.902,-2.429,-1.667,-1.003,-0.241,-0.054,1406.395,1,Signature.4,-1.57,0.93,608,63,30,1,702,0.716,0.4,0,TRUE,2.99,3.46
single,Cosmic Driver Signature (gene_pathways),Mutation signature,KRAS_12V,Cell_Cycle,pancreatic cancer,82,28,"beta[1,4]",0.123,0.01,0.384,-0.611,-0.514,-0.128,0.126,0.377,0.75,0.923,1461.705,1,Signature.1A,0.321,0.13,140,72,18,10,240,0,0,0,TRUE,2.99,3.46
single,Cosmic Driver Signature (gene_pathways),Mutation signature,KRAS_12V,Cell_Cycle,pancreatic cancer,15,17,"beta[2,4]",0.676,0.014,0.555,-0.348,-0.225,0.297,0.67,1.021,1.617,1.806,1531.927,1.001,Signature.6,1.219,0.65,43,9,11,6,69,1.494,0.65,0,TRUE,2.99,3.46
single,Cosmic Driver Signature (gene_pathways),Mutation signature,KRAS_12V,Cell_Cycle,non-small cell lung cancer,86,58,mu_beta[3],-1.906,0.038,1.258,-4.852,-4.2,-2.592,-1.765,-1.067,-0.129,0.109,1093.905,1.002,overall,-1.515,0.89,1143,85,57,1,1286,1.637,0.7,0,TRUE,2.99,3.46
single,Cosmic Driver Signature (gene_pathways),Mutation signature,KRAS_12V,Cell_Cycle,pancreatic cancer,97,45,mu_beta[3],0.418,0.019,0.747,-1.082,-0.707,0.008,0.397,0.822,1.603,2.017,1468.897,0.999,overall,0.56,0.24,183,81,29,16,309,0.228,0.2,0,TRUE,2.99,3.46
single,Cosmic Driver Signature (gene_pathways),Mutation signature,KRAS_12V,Chromatin_Regulation,colorectal cancer,17,17,"beta[1,4]",-1.393,0.028,1.005,-3.647,-3.249,-1.96,-1.289,-0.71,0.06,0.338,1292.407,1.001,Signature.15,-1.386,0.78,343,17,17,0,377,0.102,0.13,0,TRUE,2.99,3.46
single,Cosmic Driver Signature (gene_pathways),Mutation signature,KRAS_12V,Chromatin_Regulation,colorectal cancer,78,70,"beta[2,4]",-1.073,0.016,0.588,-2.345,-2.079,-1.456,-1.026,-0.673,-0.163,-0.025,1339.252,1,Signature.1A,-1.827,1.17,677,75,67,3,822,1.795,0.74,0,TRUE,2.99,3.46
single,Cosmic Driver Signature (gene_pathways),Mutation signature,KRAS_12V,Chromatin_Regulation,colorectal cancer,17,62,"beta[3,4]",-0.982,0.018,0.676,-2.468,-2.165,-1.408,-0.928,-0.539,0.051,0.243,1476.985,0.998,Signature.6,-1.452,0.83,225,15,60,2,302,0.375,0.27,0,TRUE,2.99,3.46
single,Cosmic Driver Signature (gene_pathways),Mutation signature,KRAS_12V,Chromatin_Regulation,colorectal cancer,112,149,mu_beta[3],-1.144,0.02,0.757,-2.701,-2.412,-1.619,-1.099,-0.668,-0.048,0.221,1422.714,0.999,overall,-1.511,0.88,1245,107,144,5,1501,3.406,1.19,0.05,TRUE,2.99,3.46
single,Cosmic Driver Signature (gene_pathways),Mutation signature,KRAS_12V,wnt,colorectal cancer,17,241,"beta[2,4]",-0.396,0.009,0.332,-0.993,-0.903,-0.622,-0.41,-0.182,0.179,0.27,1380.357,1.002,Signature.15,-1.193,0.63,129,7,231,10,377,0.036,0.07,0,TRUE,2.99,3.46
single,Cosmic Driver Signature (gene_pathways),Mutation signature,KRAS_12V,wnt,colorectal cancer,9,15,"beta[5,4]",-0.161,0.012,0.434,-1.013,-0.864,-0.445,-0.165,0.126,0.561,0.682,1391.254,1,Signature.19,-0.371,0.15,23,6,12,3,44,0,0,0,TRUE,2.99,3.46
single,Cosmic Driver Signature (gene_pathways),Mutation signature,KRAS_12V,wnt,colorectal cancer,78,480,"beta[6,4]",-0.093,0.005,0.214,-0.493,-0.428,-0.242,-0.103,0.043,0.263,0.344,1538.805,1,Signature.1A,-0.433,0.18,309,33,435,45,822,0,0,0,TRUE,2.99,3.46
single,Cosmic Driver Signature (gene_pathways),Mutation signature,KRAS_12V,wnt,colorectal cancer,16,42,"beta[7,4]",-0.174,0.011,0.396,-0.964,-0.835,-0.427,-0.175,0.085,0.465,0.602,1401.526,1.001,Signature.2,-0.44,0.18,29,9,35,7,80,0.254,0.21,0,TRUE,2.99,3.46
single,Cosmic Driver Signature (gene_pathways),Mutation signature,KRAS_12V,wnt,colorectal cancer,7,17,"beta[9,4]",-0.309,0.014,0.478,-1.293,-1.11,-0.62,-0.29,0.029,0.452,0.578,1163.93,0.999,Signature.3,-0.646,0.29,18,5,15,2,40,0.16,0.16,0,TRUE,2.99,3.46
single,Cosmic Driver Signature (gene_pathways),Mutation signature,KRAS_12V,wnt,colorectal cancer,17,188,"beta[11,4]",-0.335,0.009,0.357,-1.02,-0.925,-0.581,-0.327,-0.097,0.239,0.363,1523.037,1.002,Signature.6,-0.938,0.46,107,7,178,10,302,0.002,0.02,0,TRUE,2.99,3.46
single,Cosmic Driver Signature (gene_pathways),Mutation signature,KRAS_12V,wnt,colorectal cancer,6,14,"beta[12,4]",-0.216,0.013,0.471,-1.15,-0.979,-0.514,-0.223,0.101,0.548,0.691,1327.406,0.999,Signature.7,-0.458,0.19,21,4,12,2,39,0,0,0,TRUE,2.99,3.46
single,Cosmic Driver Signature (gene_pathways),Mutation signature,KRAS_12V,wnt,colorectal cancer,11,14,"beta[13,4]",0.188,0.011,0.451,-0.682,-0.552,-0.11,0.189,0.486,0.929,1.053,1680.993,0.998,Signature.8,0.416,0.17,4,5,8,6,23,0.028,0.06,0,TRUE,2.99,3.46
single,Cosmic Driver Signature (gene_pathways),Mutation signature,KRAS_12V,wnt,non-small cell lung cancer,8,11,"beta[1,4]",-1.23,0.033,1.286,-4.093,-3.535,-2,-1.108,-0.319,0.648,0.97,1475.532,1.001,Signature.1A,-0.957,0.47,244,7,10,1,262,0.086,0.11,0,TRUE,2.99,3.46
single,Cosmic Driver Signature (gene_pathways),Mutation signature,KRAS_12V,wnt,non-small cell lung cancer,14,13,"beta[2,4]",-1.628,0.034,1.296,-4.486,-3.879,-2.365,-1.456,-0.717,0.153,0.444,1431.504,1.001,Signature.2,-1.257,0.68,295,14,13,0,322,0.008,0.03,0,TRUE,2.99,3.46
single,Cosmic Driver Signature (gene_pathways),Mutation signature,KRAS_12V,wnt,non-small cell lung cancer,9,14,"beta[3,4]",-1.617,0.033,1.283,-4.299,-3.86,-2.371,-1.477,-0.758,0.237,0.562,1478.393,0.999,Signature.3,-1.26,0.68,219,9,14,0,242,0.001,0.01,0,TRUE,2.99,3.46
single,Cosmic Driver Signature (gene_pathways),Mutation signature,KRAS_12V,wnt,non-small cell lung cancer,64,14,"beta[4,4]",-1.714,0.032,1.223,-4.371,-3.999,-2.389,-1.557,-0.863,0.083,0.294,1489.126,1,Signature.4,-1.401,0.79,624,64,14,0,702,0.53,0.33,0,TRUE,2.99,3.46
single,Cosmic Driver Signature (gene_pathways),Mutation signature,KRAS_12V,wnt,colorectal cancer,176,1120,mu_beta[3],-0.236,0.007,0.247,-0.714,-0.652,-0.399,-0.234,-0.067,0.161,0.251,1416.784,0.998,overall,-0.954,0.47,723,83,1027,93,1926,2.011,0.81,0,TRUE,2.99,3.46
single,Cosmic Driver Signature (gene_pathways),Mutation signature,KRAS_12V,wnt,non-small cell lung cancer,95,52,mu_beta[3],-1.527,0.031,1.196,-4.13,-3.619,-2.211,-1.379,-0.721,0.219,0.473,1467.164,1,overall,-1.277,0.7,1382,94,51,1,1528,1.025,0.51,0,TRUE,2.99,3.46
single,Cosmic Driver Signature (gene_pathways),Mutation signature,KRAS_12V,DDR,colorectal cancer,78,41,"beta[2,4]",0.211,0.014,0.495,-0.784,-0.605,-0.12,0.228,0.565,0.987,1.102,1341.527,1.003,Signature.1A,0.426,0.17,709,72,35,6,822,0.774,0.42,0,TRUE,2.99,3.46
single,Cosmic Driver Signature (gene_pathways),Mutation signature,KRAS_12V,DDR,colorectal cancer,17,34,"beta[3,4]",-2.025,0.045,1.674,-6.373,-5.27,-2.736,-1.672,-0.89,-0.054,0.146,1404.646,0.999,Signature.6,-1.21,0.65,251,17,34,0,302,1.247,0.58,0,TRUE,2.99,3.46
single,Cosmic Driver Signature (gene_pathways),Mutation signature,KRAS_12V,DDR,colorectal cancer,98,86,mu_beta[3],-1.136,0.033,1.216,-4.183,-3.319,-1.738,-0.992,-0.341,0.5,0.709,1371.468,1.001,overall,-0.934,0.46,979,92,80,6,1157,0.1,0.12,0,TRUE,2.99,3.46
single,Cosmic Driver Signature (gene_pathways),Mutation signature,KRAS_12V,RAS_RAF_MAPK_extended,colorectal cancer,17,36,"beta[2,4]",0.205,0.015,0.549,-0.892,-0.7,-0.148,0.2,0.569,1.091,1.294,1269.5,0.999,Signature.15,0.373,0.15,327,14,33,3,377,0.548,0.34,0,TRUE,2.99,3.46
single,Cosmic Driver Signature (gene_pathways),Mutation signature,KRAS_12V,RAS_RAF_MAPK_extended,colorectal cancer,78,109,"beta[3,4]",0.118,0.008,0.305,-0.485,-0.402,-0.08,0.128,0.331,0.591,0.696,1591.774,0.998,Signature.1A,0.386,0.16,647,66,97,12,822,0.165,0.16,0,TRUE,2.99,3.46
single,Cosmic Driver Signature (gene_pathways),Mutation signature,KRAS_12V,RAS_RAF_MAPK_extended,colorectal cancer,16,12,"beta[4,4]",0.139,0.014,0.561,-1.085,-0.798,-0.202,0.153,0.516,1.023,1.204,1720.483,1,Signature.2,0.248,0.09,55,13,9,3,80,0.006,0.03,0,TRUE,2.99,3.46
single,Cosmic Driver Signature (gene_pathways),Mutation signature,KRAS_12V,RAS_RAF_MAPK_extended,colorectal cancer,17,60,"beta[5,4]",-0.39,0.014,0.529,-1.516,-1.296,-0.708,-0.376,-0.03,0.414,0.599,1399.407,1.001,Signature.6,-0.737,0.34,227,15,58,2,302,0.301,0.23,0,TRUE,2.99,3.46
single,Cosmic Driver Signature (gene_pathways),Mutation signature,KRAS_12V,RAS_RAF_MAPK_extended,non-small cell lung cancer,7,42,"beta[2,4]",-2.48,0.021,0.726,-4.028,-3.753,-2.923,-2.413,-2.022,-1.326,-1.151,1227.982,1,Signature.15,-3.414,3.19,85,7,42,0,134,2.01,0.81,0,TRUE,2.99,3.46
single,Cosmic Driver Signature (gene_pathways),Mutation signature,KRAS_12V,RAS_RAF_MAPK_extended,non-small cell lung cancer,7,26,"beta[5,4]",-2.454,0.02,0.76,-4.04,-3.785,-2.952,-2.399,-1.94,-1.273,-1.076,1398.278,0.998,Signature.18,-3.227,2.9,116,7,26,0,149,0.542,0.34,0,TRUE,2.99,3.46
single,Cosmic Driver Signature (gene_pathways),Mutation signature,KRAS_12V,RAS_RAF_MAPK_extended,non-small cell lung cancer,8,117,"beta[7,4]",-2.56,0.019,0.691,-3.959,-3.732,-2.991,-2.508,-2.095,-1.491,-1.31,1370.063,0.999,Signature.1A,-3.703,3.67,137,8,117,0,262,4.925,1.58,0.25,TRUE,2.99,3.46
single,Cosmic Driver Signature (gene_pathways),Mutation signature,KRAS_12V,RAS_RAF_MAPK_extended,non-small cell lung cancer,14,85,"beta[8,4]",-2.003,0.018,0.668,-3.396,-3.141,-2.432,-1.983,-1.552,-0.931,-0.732,1326.681,0.998,Signature.2,-3,2.57,225,12,83,2,322,0.549,0.34,0,TRUE,2.99,3.46
single,Cosmic Driver Signature (gene_pathways),Mutation signature,KRAS_12V,RAS_RAF_MAPK_extended,non-small cell lung cancer,9,69,"beta[11,4]",-2.489,0.018,0.705,-3.99,-3.736,-2.9,-2.478,-2.016,-1.374,-1.191,1457.907,0.999,Signature.3,-3.53,3.38,164,9,69,0,242,2.417,0.92,0,TRUE,2.99,3.46
single,Cosmic Driver Signature (gene_pathways),Mutation signature,KRAS_12V,RAS_RAF_MAPK_extended,non-small cell lung cancer,64,88,"beta[12,4]",-2.174,0.017,0.61,-3.5,-3.235,-2.549,-2.144,-1.762,-1.215,-1.024,1292.97,0.999,Signature.4,-3.567,3.44,552,62,86,2,702,4.783,1.54,0.25,TRUE,2.99,3.46
single,Cosmic Driver Signature (gene_pathways),Mutation signature,KRAS_12V,RAS_RAF_MAPK_extended,non-small cell lung cancer,16,11,"beta[15,4]",-2.469,0.019,0.696,-3.918,-3.645,-2.913,-2.416,-1.984,-1.384,-1.162,1362.912,1,Signature.8,-3.546,3.41,35,16,11,0,62,3.157,1.12,0.05,TRUE,2.99,3.46
single,Cosmic Driver Signature (gene_pathways),Mutation signature,KRAS_12V,RAS_RAF_MAPK_extended,colorectal cancer,131,230,mu_beta[3],-0.058,0.015,0.459,-1.022,-0.82,-0.35,-0.06,0.247,0.667,0.824,994.253,1.001,overall,-0.126,0.05,1273,111,210,20,1614,0.047,0.08,0,TRUE,2.99,3.46
single,Cosmic Driver Signature (gene_pathways),Mutation signature,KRAS_12V,RAS_RAF_MAPK_extended,non-small cell lung cancer,141,631,mu_beta[3],-2.385,0.015,0.525,-3.509,-3.298,-2.728,-2.352,-2.032,-1.581,-1.444,1224.267,0.999,overall,-4.541,5.25,1782,136,626,5,2549,34.848,8.45,6.68,TRUE,2.99,3.46
single,Cosmic Driver Signature (gene_pathways),Mutation signature,KRAS_12V,RAS_RAF_MAPK_brief,colorectal cancer,17,34,"beta[2,4]",0.271,0.015,0.547,-0.846,-0.641,-0.078,0.279,0.619,1.164,1.313,1365.161,1.001,Signature.15,0.496,0.21,329,14,31,3,377,0.702,0.4,0,TRUE,2.99,3.46
single,Cosmic Driver Signature (gene_pathways),Mutation signature,KRAS_12V,RAS_RAF_MAPK_brief,colorectal cancer,78,105,"beta[3,4]",0.179,0.009,0.314,-0.457,-0.366,-0.029,0.183,0.4,0.672,0.751,1319.903,1.004,Signature.1A,0.57,0.25,651,66,93,12,822,0.3,0.23,0,TRUE,2.99,3.46
single,Cosmic Driver Signature (gene_pathways),Mutation signature,KRAS_12V,RAS_RAF_MAPK_brief,colorectal cancer,16,13,"beta[4,4]",0.152,0.014,0.541,-0.97,-0.75,-0.182,0.154,0.528,0.99,1.159,1471.21,1.001,Signature.2,0.28,0.11,54,13,10,3,80,0,0,0,TRUE,2.99,3.46
single,Cosmic Driver Signature (gene_pathways),Mutation signature,KRAS_12V,RAS_RAF_MAPK_brief,colorectal cancer,17,46,"beta[5,4]",-0.159,0.014,0.535,-1.278,-1.11,-0.479,-0.144,0.209,0.667,0.812,1511.276,1,Signature.6,-0.297,0.12,241,15,44,2,302,0.004,0.02,0,TRUE,2.99,3.46
single,Cosmic Driver Signature (gene_pathways),Mutation signature,KRAS_12V,RAS_RAF_MAPK_brief,non-small cell lung cancer,8,11,"beta[1,4]",-1.157,0.024,0.937,-3.069,-2.745,-1.765,-1.102,-0.501,0.256,0.49,1467.744,1,Signature.1A,-1.235,0.66,243,8,11,0,262,0,0,0,TRUE,2.99,3.46
single,Cosmic Driver Signature (gene_pathways),Mutation signature,KRAS_12V,RAS_RAF_MAPK_brief,non-small cell lung cancer,14,43,"beta[2,4]",-0.709,0.02,0.765,-2.302,-2.057,-1.188,-0.681,-0.177,0.49,0.632,1398.84,0.999,Signature.2,-0.927,0.45,267,12,41,2,322,0,0,0,TRUE,2.99,3.46
single,Cosmic Driver Signature (gene_pathways),Mutation signature,KRAS_12V,RAS_RAF_MAPK_brief,non-small cell lung cancer,9,15,"beta[3,4]",-1.174,0.025,0.926,-3.284,-2.786,-1.731,-1.08,-0.55,0.185,0.45,1339.524,1.003,Signature.3,-1.268,0.69,218,9,15,0,242,0.007,0.03,0,TRUE,2.99,3.46
single,Cosmic Driver Signature (gene_pathways),Mutation signature,KRAS_12V,RAS_RAF_MAPK_brief,non-small cell lung cancer,64,35,"beta[4,4]",-1.162,0.019,0.736,-2.736,-2.421,-1.633,-1.097,-0.639,-0.083,0.101,1561.192,1,Signature.4,-1.579,0.94,604,63,34,1,702,1.038,0.51,0,TRUE,2.99,3.46
single,Cosmic Driver Signature (gene_pathways),Mutation signature,KRAS_12V,RAS_RAF_MAPK_brief,colorectal cancer,131,211,mu_beta[3],0.035,0.012,0.445,-0.868,-0.711,-0.261,0.045,0.338,0.758,0.872,1494.423,1.001,overall,0.079,0.03,1292,111,191,20,1614,0.412,0.28,0,TRUE,2.99,3.46
single,Cosmic Driver Signature (gene_pathways),Mutation signature,KRAS_12V,RAS_RAF_MAPK_brief,non-small cell lung cancer,95,104,mu_beta[3],-1.024,0.019,0.749,-2.542,-2.278,-1.485,-0.996,-0.487,0.133,0.357,1500.771,1.001,overall,-1.366,0.76,1332,92,101,3,1528,1.557,0.67,0,TRUE,2.99,3.46
single,Cosmic Driver Signature (gene_pathways),Mutation signature,KRAS_12V,PI3K_AKT,colorectal cancer,17,37,"beta[2,4]",0.551,0.013,0.529,-0.564,-0.347,0.207,0.56,0.908,1.384,1.549,1624.197,0.999,Signature.15,1.042,0.53,327,13,33,4,377,2.335,0.9,0,TRUE,2.99,3.46
single,Cosmic Driver Signature (gene_pathways),Mutation signature,KRAS_12V,PI3K_AKT,colorectal cancer,78,111,"beta[3,4]",0.321,0.008,0.31,-0.292,-0.199,0.123,0.327,0.532,0.804,0.908,1411.694,0.998,Signature.1A,1.036,0.52,647,64,97,14,822,1.068,0.52,0,TRUE,2.99,3.46
single,Cosmic Driver Signature (gene_pathways),Mutation signature,KRAS_12V,PI3K_AKT,colorectal cancer,17,66,"beta[4,4]",-0.327,0.014,0.57,-1.51,-1.3,-0.682,-0.277,0.061,0.55,0.727,1651.472,1,Signature.6,-0.574,0.25,221,15,64,2,302,0.539,0.33,0,TRUE,2.99,3.46
single,Cosmic Driver Signature (gene_pathways),Mutation signature,KRAS_12V,PI3K_AKT,non-small cell lung cancer,8,11,"beta[1,4]",-0.873,0.031,1.177,-3.639,-2.997,-1.498,-0.761,-0.091,0.81,1.066,1444.702,1,Signature.1A,-0.742,0.34,243,8,11,0,262,0,0,0,TRUE,2.99,3.46
single,Cosmic Driver Signature (gene_pathways),Mutation signature,KRAS_12V,PI3K_AKT,non-small cell lung cancer,14,41,"beta[2,4]",-0.281,0.02,0.765,-2.007,-1.616,-0.729,-0.237,0.238,0.876,1.061,1415.098,0.999,Signature.2,-0.368,0.15,269,12,39,2,322,0,0,0,TRUE,2.99,3.46
single,Cosmic Driver Signature (gene_pathways),Mutation signature,KRAS_12V,PI3K_AKT,non-small cell lung cancer,64,18,"beta[3,4]",-0.687,0.021,0.819,-2.421,-2.161,-1.179,-0.609,-0.116,0.53,0.747,1457.32,0.999,Signature.4,-0.839,0.4,621,63,17,1,702,0.014,0.04,0,TRUE,2.99,3.46
single,Cosmic Driver Signature (gene_pathways),Mutation signature,KRAS_12V,PI3K_AKT,colorectal cancer,115,228,mu_beta[3],0.175,0.013,0.489,-0.903,-0.673,-0.126,0.192,0.48,0.97,1.097,1440.076,0.999,overall,0.358,0.14,1212,94,207,21,1534,0.863,0.45,0,TRUE,2.99,3.46
single,Cosmic Driver Signature (gene_pathways),Mutation signature,KRAS_12V,PI3K_AKT,non-small cell lung cancer,86,70,mu_beta[3],-0.588,0.023,0.873,-2.402,-2.095,-1.107,-0.515,-0.018,0.724,1.009,1467.421,0.998,overall,-0.674,0.3,1133,83,67,3,1286,0.338,0.25,0,TRUE,2.99,3.46
single,Cosmic Driver Signature (gene_pathways),Mutation signature,KRAS_13D,Chromatin_Regulation,colorectal cancer,55,17,"beta[1,4]",-0.308,0.015,0.6,-1.606,-1.345,-0.667,-0.279,0.104,0.594,0.762,1509.685,0.999,Signature.15,-0.514,0.22,307,53,15,2,377,0,0,0,TRUE,2.86,2.86
single,Cosmic Driver Signature (gene_pathways),Mutation signature,KRAS_13D,Chromatin_Regulation,colorectal cancer,47,70,"beta[2,4]",0.042,0.012,0.459,-0.885,-0.729,-0.258,0.061,0.35,0.792,0.891,1524.075,0.998,Signature.1A,0.092,0.03,710,42,65,5,822,0.072,0.1,0.01,TRUE,2.86,2.86
single,Cosmic Driver Signature (gene_pathways),Mutation signature,KRAS_13D,Chromatin_Regulation,colorectal cancer,35,62,"beta[3,4]",-0.216,0.011,0.433,-1.111,-0.95,-0.487,-0.207,0.091,0.465,0.59,1499.177,0.999,Signature.6,-0.498,0.21,211,29,56,6,302,0.093,0.12,0.01,TRUE,2.86,2.86
single,Cosmic Driver Signature (gene_pathways),Mutation signature,KRAS_13D,Chromatin_Regulation,colorectal cancer,137,149,mu_beta[3],-0.155,0.015,0.609,-1.377,-1.141,-0.543,-0.157,0.231,0.804,1.018,1545.464,1,overall,-0.255,0.1,1228,124,136,13,1501,0.001,0.01,0,TRUE,2.86,2.86
single,Cosmic Driver Signature (gene_pathways),Mutation signature,KRAS_13D,wnt,colorectal cancer,55,241,"beta[2,4]",0.1,0.007,0.261,-0.406,-0.325,-0.074,0.111,0.272,0.517,0.599,1530.44,0.999,Signature.15,0.383,0.15,115,21,207,34,377,0.04,0.08,0,TRUE,2.86,2.86
single,Cosmic Driver Signature (gene_pathways),Mutation signature,KRAS_13D,wnt,colorectal cancer,47,480,"beta[6,4]",0.154,0.007,0.257,-0.345,-0.262,-0.02,0.154,0.32,0.589,0.676,1474.666,0.999,Signature.1A,0.599,0.26,326,16,449,31,822,0.867,0.45,0.15,TRUE,2.86,2.86
single,Cosmic Driver Signature (gene_pathways),Mutation signature,KRAS_13D,wnt,colorectal cancer,7,42,"beta[7,4]",-0.353,0.012,0.444,-1.318,-1.143,-0.633,-0.331,-0.049,0.323,0.443,1382.561,1.002,Signature.2,-0.795,0.37,32,6,41,1,80,2.97,1.07,0.43,TRUE,2.86,2.86
single,Cosmic Driver Signature (gene_pathways),Mutation signature,KRAS_13D,wnt,colorectal cancer,35,188,"beta[11,4]",0.059,0.008,0.301,-0.546,-0.443,-0.134,0.071,0.259,0.536,0.628,1510.785,0.999,Signature.6,0.196,0.07,100,14,167,21,302,0.011,0.04,0,TRUE,2.86,2.86
single,Cosmic Driver Signature (gene_pathways),Mutation signature,KRAS_13D,wnt,colorectal cancer,159,1120,mu_beta[3],-0.045,0.006,0.255,-0.579,-0.476,-0.209,-0.049,0.126,0.358,0.449,1556.801,1,overall,-0.175,0.06,744,62,1023,97,1926,0.46,0.3,0.12,TRUE,2.86,2.86
single,Cosmic Driver Signature (gene_pathways),Mutation signature,KRAS_13D,DDR,colorectal cancer,47,41,"beta[2,4]",0.32,0.014,0.551,-0.84,-0.624,-0.043,0.341,0.687,1.175,1.361,1465.651,0.999,Signature.1A,0.58,0.25,738,43,37,4,822,0.636,0.37,0.13,TRUE,2.86,2.86
single,Cosmic Driver Signature (gene_pathways),Mutation signature,KRAS_13D,DDR,colorectal cancer,35,34,"beta[3,4]",-0.589,0.016,0.64,-1.912,-1.703,-0.979,-0.547,-0.14,0.374,0.552,1610.999,1,Signature.6,-0.921,0.45,235,33,32,2,302,0.671,0.38,0.13,TRUE,2.86,2.86
single,Cosmic Driver Signature (gene_pathways),Mutation signature,KRAS_13D,DDR,colorectal cancer,84,86,mu_beta[3],-0.05,0.021,0.803,-1.69,-1.33,-0.507,-0.038,0.426,1.231,1.572,1481.379,0.999,overall,-0.063,0.02,994,77,79,7,1157,0.012,0.04,0,TRUE,2.86,2.86
single,Cosmic Driver Signature (gene_pathways),Mutation signature,KRAS_13D,RAS_RAF_MAPK_extended,colorectal cancer,55,36,"beta[2,4]",-0.687,0.015,0.583,-1.956,-1.713,-1.046,-0.626,-0.276,0.168,0.281,1509.339,0.998,Signature.15,-1.179,0.62,287,54,35,1,377,3.47,1.2,0.43,TRUE,2.86,2.86
single,Cosmic Driver Signature (gene_pathways),Mutation signature,KRAS_13D,RAS_RAF_MAPK_extended,colorectal cancer,47,109,"beta[3,4]",0.597,0.008,0.332,-0.058,0.048,0.38,0.604,0.819,1.14,1.221,1531.755,0.999,Signature.1A,1.799,1.14,677,36,98,11,822,3.573,1.23,0.43,TRUE,2.86,2.86
single,Cosmic Driver Signature (gene_pathways),Mutation signature,KRAS_13D,RAS_RAF_MAPK_extended,colorectal cancer,7,12,"beta[4,4]",0.807,0.016,0.62,-0.41,-0.192,0.406,0.792,1.212,1.848,2.063,1462.218,0.999,Signature.2,1.301,0.71,64,4,9,3,80,2.582,0.97,0.43,TRUE,2.86,2.86
single,Cosmic Driver Signature (gene_pathways),Mutation signature,KRAS_13D,RAS_RAF_MAPK_extended,colorectal cancer,35,60,"beta[5,4]",0.373,0.01,0.38,-0.379,-0.262,0.111,0.383,0.626,0.975,1.111,1428.938,1.001,Signature.6,0.98,0.49,216,26,51,9,302,0.485,0.31,0.12,TRUE,2.86,2.86
single,Cosmic Driver Signature (gene_pathways),Mutation signature,KRAS_13D,RAS_RAF_MAPK_extended,colorectal cancer,146,230,mu_beta[3],0.327,0.011,0.431,-0.533,-0.371,0.043,0.321,0.605,1.039,1.155,1461.207,0.999,overall,0.759,0.35,1264,120,204,26,1614,1.358,0.61,0.28,TRUE,2.86,2.86
single,Cosmic Driver Signature (gene_pathways),Mutation signature,KRAS_13D,RAS_RAF_MAPK_brief,colorectal cancer,55,34,"beta[2,4]",-0.314,0.015,0.517,-1.475,-1.26,-0.626,-0.274,0.049,0.431,0.539,1220.618,1.003,Signature.15,-0.608,0.26,290,53,32,2,377,1.57,0.68,0.28,TRUE,2.86,2.86
single,Cosmic Driver Signature (gene_pathways),Mutation signature,KRAS_13D,RAS_RAF_MAPK_brief,colorectal cancer,47,105,"beta[3,4]",0.563,0.01,0.349,-0.152,-0.019,0.334,0.572,0.809,1.135,1.246,1187.395,1.002,Signature.1A,1.612,0.97,680,37,95,10,822,2.476,0.94,0.43,TRUE,2.86,2.86
single,Cosmic Driver Signature (gene_pathways),Mutation signature,KRAS_13D,RAS_RAF_MAPK_brief,colorectal cancer,7,13,"beta[4,4]",0.814,0.015,0.595,-0.277,-0.119,0.409,0.785,1.199,1.782,2.015,1490.615,0.999,Signature.2,1.368,0.77,63,4,10,3,80,2.136,0.84,0.38,TRUE,2.86,2.86
single,Cosmic Driver Signature (gene_pathways),Mutation signature,KRAS_13D,RAS_RAF_MAPK_brief,colorectal cancer,35,46,"beta[5,4]",0.677,0.01,0.383,-0.075,0.045,0.425,0.683,0.945,1.291,1.442,1371.099,0.999,Signature.6,1.767,1.11,230,26,37,9,302,2.513,0.95,0.43,TRUE,2.86,2.86
single,Cosmic Driver Signature (gene_pathways),Mutation signature,KRAS_13D,RAS_RAF_MAPK_brief,colorectal cancer,146,211,mu_beta[3],0.498,0.011,0.401,-0.231,-0.117,0.229,0.487,0.759,1.169,1.32,1436.363,1.001,overall,1.241,0.67,1283,120,185,26,1614,2.726,1.01,0.43,TRUE,2.86,2.86
single,Cosmic Driver Signature (gene_pathways),Mutation signature,KRAS_13D,PI3K_AKT,colorectal cancer,55,37,"beta[2,4]",-0.175,0.013,0.456,-1.122,-0.965,-0.459,-0.145,0.131,0.52,0.682,1298.044,1.002,Signature.15,-0.384,0.15,289,51,33,4,377,0.194,0.18,0.02,TRUE,2.86,2.86
single,Cosmic Driver Signature (gene_pathways),Mutation signature,KRAS_13D,PI3K_AKT,colorectal cancer,47,111,"beta[3,4]",0.576,0.009,0.344,-0.066,0.029,0.333,0.575,0.805,1.158,1.262,1383.56,0.999,Signature.1A,1.676,1.03,675,36,100,11,822,3.333,1.17,0.43,TRUE,2.86,2.86
single,Cosmic Driver Signature (gene_pathways),Mutation signature,KRAS_13D,PI3K_AKT,colorectal cancer,35,66,"beta[4,4]",0.265,0.009,0.381,-0.495,-0.368,0.006,0.274,0.531,0.878,1.026,1637.477,1.002,Signature.6,0.693,0.31,210,26,57,9,302,0.137,0.15,0.01,TRUE,2.86,2.86
single,Cosmic Driver Signature (gene_pathways),Mutation signature,KRAS_13D,PI3K_AKT,colorectal cancer,139,228,mu_beta[3],0.308,0.012,0.468,-0.621,-0.464,0.017,0.305,0.589,1.101,1.253,1492.598,1,overall,0.657,0.29,1193,113,202,26,1534,1.465,0.65,0.28,TRUE,2.86,2.86
